job_title,post
tea,Collaborating with colleagues to develop interdisciplinary projects for students. What drives me is the interest in enhancing user experiences.
tea,I'm committed to adapting teaching styles to accommodate diverse learning abilities. What drives me is the desire to make informed decisions.
tea,My goal is to prepare students for success in a rapidly changing world. What drives me is the creativity involved in my work.
tea,I am dedicated to preparing students for success in and out of the classroom. What drives me is the dedication to fairness and justice.
tea,"Living life by default versus living life by design was the first mindset paradigm shift I have experienced for myself. Thus, being average is simply not in my dictionary. I have since enjoyed an accelerated and momentous personal development growth. This mindset shift could not have been successful without meeting new people to gain new perspectives through meaningful connections. As such, I actively seek to connect with like minded people. Reaching out is my way of saying hello!"
tea,Integrating technology into the curriculum to enhance learning experiences is a priority. What drives me is the fulfillment from teaching and guiding.
tea,I integrate real-world applications into lessons to enhance learning relevance. What drives me is the aspiration to make a significant impact.
tea,Fostering a sense of community and respect within the classroom is fundamental to my teaching philosophy. What drives me is the motivation to explore scientific mysteries.
tea,I prioritize emotional intelligence and social skills alongside academic learning. What drives me is the continuous learning process.
tea,Integrating technology into the curriculum to enhance learning experiences is a priority. What drives me is the aspiration to foster peace and understanding.
tea,I believe in inspiring curiosity and a love of learning in my students. What drives me is the quest to understand complex systems.
tea,Encouraging students to pursue their passions and interests is important to me. What drives me is fostering innovation and creativity.
tea,awesome. want to see how schools are benefitting from the new EdTech masterplan. Ping me to see what we can do together.
tea,I am dedicated to preparing students for success in and out of the classroom. What drives me is the spirit of collaboration and teamwork.
tea,"""Life is beautiful not because of the things we see or do. Life is beautiful because of the people we meet."" - Simon Sinek. I believe everyone has something insightful to offer, that is why I enjoy conversing with like-minded and driven individuals about our dreams and goals. Conversation is the way to spark meaningful and lasting relationships. Do connect with me and let's find out more about each other!"
tea,Collaborating with parents and colleagues to support student growth is essential. What drives me is the passion for technology and its potential.
tea,“The Pessimist Sees Difficulty In Every Opportunity. The Optimist Sees Opportunity In Every Difficulty.” -Winston Churchill
tea,I believe in the power of feedback to guide student growth and improvement. What drives me is the joy of innovation.
tea,"Coding, for me, is more than a skill — it's a way of life. It's about distilling complex challenges into elegant solutions, continuously learning and adapting, and ultimately, contributing positively to the world. I thrive in collaborative environments, where my knack for innovative solutions and meticulous attention to detail adds value to team projects. Curious to see my coding journey in action? Head over to my GitHub profile to explore my projects and witness firsthand the magic that happens when passion meets code. Let's connect and explore how we can create a meaningful impact together!"
tea,Collaborating with parents and colleagues to support student growth is essential. What drives me is navigating through uncertainty with resilience.
da,"Transforming complex data sets into clear, actionable insights drives my work. What drives me is the desire for balance and harmony."
da,My work involves identifying key performance indicators to track and improve business outcomes. What drives me is the ambition to create enduring legacies.
da,Data integrity and meticulous validation underpin every analysis I perform. What drives me is the thrill of solving complex issues.
da,I continuously seek to enhance my analytical skills through ongoing education and challenges. What drives me is the drive for personal fulfillment and happiness.
da,"Having been drawn to the field of tropical forestry, ecology and natural resource management, I spent over 4 years in the consultancy, government and NGO sectors to gain better understanding on the environmental perspectives and priorities different stakeholders have. I'm a recent MSc graduate in Forest and Nature Conservation at Wageningen University & Research, funded through the Excellence Scholarship Programme. With this opportunity, I aim to bring forward my skills and knowledge to contribute more towards forest-monitoring research, whilst learning alongside a community of like-minded individuals."
da,I continuously seek out new data sources to enrich our analyses and insights. What drives me is the gratification from helping others succeed.
da,Ensuring data integrity and accuracy is at the forefront of my analysis. What drives me is the determination to overcome obstacles.
da,Data integrity and meticulous validation underpin every analysis I perform. What drives me is the commitment to sustainable solutions.
da,My work involves identifying key performance indicators to track and improve business outcomes. What drives me is the satisfaction of client success.
da,Developing dashboards that provide real-time insights into business metrics. What drives me is the interest in global trends and innovations.
da,My analyses are aimed at uncovering inefficiencies and optimizing processes. What drives me is the interest in enhancing user experiences.
da,I specialize in using analytical tools to solve business problems. What drives me is the motivation to tackle difficult issues.
da,"Passionate about all things under the umbrella of Data Science & Analytics and technology, feel free to connect and share with me your knowledge and expertise!"
da,I am dedicated to streamlining data collection and analysis processes to increase efficiency. What drives me is the desire to make informed decisions.
da,"Curious about the impact of small, daily habits on propelling a data analyst's career forward? I've extracted compelling insights from 'Atomic Habits' by James Clear, tailored specifically for those in the data field. Explore my recent article to discover how adopting a handful of minor adjustments can not only enhance your datasets but revolutionize your overall analytical approach"
da,I advocate for data democratization and making insights accessible to non-technical audiences. What drives me is the drive to push boundaries and question the status quo.
da,"As the Data and Analytics Manager, I spearheaded data-driven initiatives with impactful outcomes: Enhanced Customer Segmentation: Utilized Segment, Mixpanel, and Firebase for exploratory data analysis, resulting in a 25% increase in customer segmentation accuracy. Real-time Performance Dashboard: Developed a dynamic dashboard using Power BI, Google Sheets, and Google Data Studio to provide real-time insights into key performance indicators (KPIs). Accelerated Decision-Making: Employed statistical techniques and data visualization tools like Power BI and Google Sheets, reducing decision-making time by 30% for stakeholders. Improved User Engagement: Analyzed user interactions using Mixpanel and Google Analytics, leading to targeted user experience optimizations and a 12% increase in user engagement. Enhanced Customer Satisfaction: Conducted advanced product analysis with Google Analytics, Segment, and Firebase, resulting in a remarkable 20% boost in customer satisfaction. Increased App Conversion Rates: Designed and executed A/B tests with Mixpanel and Firebase, leading to improved app conversion rates. Streamlined Reporting: Created monthly reports and interactive dashboards with Power BI, Looker Studio, and Google Sheets, reducing data analysis time by 50%. Elevated Marketing ROI: Provided actionable insights into Marketing activities and ads spend across the various marketing channels through business reporting with Mixpanel and Google Analytics, contributing to a 15% increase in marketing ROI and a 10% improvement in overall business efficiency."
da,My analyses are aimed at uncovering inefficiencies and optimizing processes. What drives me is the passion for precision and accuracy.
da,"As an experienced data analyst, I bring diverse skills and experiences to the table, haven worked at both a big 4 company and a startup. In my previous role at a big 4 company, I gained valuable experience working with large datasets and using advanced data analysis techniques to solve complex business problems. I developed strong communication skills by frequently presenting findings to clients and stakeholders. Currently, as a data analyst at a startup, I thrive in a fast-paced and dynamic environment where I constantly learn and adapt to new challenges. My analytical skills have helped to drive business decision-making, and my insights and recommendations have played a key role in shaping the direction of the company. My well-rounded skill set allows me to adapt to a variety of environments and take on new challenges. I am confident that my experience and expertise make me a valuable asset to any organization seeking a competent and reliable data analyst. Feel free to connect with me to learn more about my experience and discuss any relevant opportunities."
da,My analyses are aimed at uncovering inefficiencies and optimizing processes. What drives me is the passion for sustainable living.
acc,My expertise includes forensic accounting to investigate and resolve discrepancies. What drives me is the aspiration to make a significant impact.
acc,Collaborating with management to develop effective budgeting and financial planning. What drives me is the enthusiasm for creative problem-solving.
acc,Providing financial guidance and support to management and stakeholders is a responsibility I take seriously. What drives me is the ambition to inspire through leadership.
acc,My goal is to enhance financial performance through meticulous analysis and recommendations. What drives me is the aim to nurture and develop talent.
acc,"Detail-oriented, efficient and organized professional with extensive experience in accounting systems. Possesses strong analytical and problem solving skills. Ability to make well thought out decisions. Highly trustworthy, ethical and initiative professional able to work in a team or independently. Resourceful in the completion of projects, effective and multi-tasking. Strong sense of time management and able to work under tight schedule. Excellent verbal, oral communication and interpersonal skills"
acc,Focusing on tax planning and compliance to optimize financial outcomes. What drives me is fostering innovation and creativity.
acc,My goal is to contribute to the financial health and sustainability of the organization. What drives me is the joy of contributing to a team's success.
acc,My expertise includes forensic accounting to investigate and resolve discrepancies. What drives me is engaging with diverse perspectives.
acc,Playing a key role in financial planning and budgeting to support business growth. What drives me is the thrill of solving complex issues.
acc,I'm adept at leveraging financial software to streamline accounting processes. What drives me is the ambition to create enduring legacies.
acc,I'm passionate about providing strategic financial analysis to guide decision-making. What drives me is the joy of connecting with people.
acc,Ensuring financial transactions are accurately recorded and reported is my expertise. What drives me is the drive for personal fulfillment and happiness.
acc,"With over 20 years of experience in the financial services and information business realms, I've mastered the art of Financial Analysis, Budgeting, and Risk Management. From taming numbers to predicting economic storms, my skills include conjuring up Financial Models (VaR, GARCH, Montecarlo, Black-Scholes model) and Economic Forecasting. Let's turn your financial puzzles into practical solutions."
acc,I'm passionate about providing strategic financial analysis to guide decision-making. What drives me is the ability to shape the future.
acc,"Accounting/Finance professional with experience in financial reporting, general ledgers, accounts payable, accounts receivable, credit control, taxation, etc. Strong in project/job accounting with the associated processes, controls and system."
acc,Collaborating with management to develop effective budgeting and financial planning. What drives me is the quest for knowledge and understanding.
acc,"Run client engagement from start to end, including planning, conducting, leading and completing engagements in a timely and cost effective manner. Review client's accounting system and ground rules for compliance to FRS. Perform test of controls for control reliance audit engagements. Review variances, performed margin analysis for inventory year / month end closing. Prepare full set of consolidation financial statements for group statutory reporting and so on."
acc,Ensuring financial transactions are accurately recorded and reported is my expertise. What drives me is the challenge of new problems.
acc,"Detail-oriented accountant to leverage my expertise in financial analysis, budgeting, and compliance to contribute to the company's financial success. Proven track record of accuracy and efficiency in financial reporting and a commitment to delivering high-quality results"
acc,My work ensures that all financial operations comply with regulatory standards. What drives me is the pleasure of designing aesthetically pleasing solutions.
sa,My professional values include technical excellence. What drives me is the commitment to sustainable solutions.
sa,I'm committed to designing systems that are user-centric and deliver exceptional experiences. What drives me is the aim to improve quality of life through technology.
sa,I'm intrigued by the challenge of reducing system latency and increasing performance. What drives me is the pride in achieving excellence.
sa,My work is about building the foundation that others can build upon. What drives me is the opportunity to mentor others.
sa,My approach to software architecture emphasizes collaboration and cross-disciplinary understanding. What drives me is the quest for knowledge and understanding.
sa,My work aims to bridge the gap between complex business needs and technical solutions. What drives me is engaging with diverse perspectives.
sa,Ensuring scalability from the start is how I approach every project. What drives me is the keenness to innovate and disrupt.
sa,Building resilient systems that withstand failures drives my architectural decisions. What drives me is the desire to make informed decisions.
sa,Building resilient systems that withstand failures drives my architectural decisions. What drives me is the ambition to reduce inefficiencies.
sa,I thrive on creating systems that are not only functional but also secure. What drives me is the motivation to advocate for change.
sa,I prioritize sustainability and efficiency in software design. What drives me is the passion for technology and its potential.
sa,Building resilient systems that withstand failures drives my architectural decisions. What drives me is the curiosity that leads to breakthroughs.
sa,Software Architects play a crucial role in managing financial integrity. What drives me is the dedication to my craft and profession.
sa,Building resilient systems that withstand failures drives my architectural decisions. What drives me is the quest to understand complex systems.
sa,Crafting architectures that support continuous integration and delivery is essential. What drives me is the pursuit of excellence.
sa,I enjoy solving problems related to educational methods. What drives me is the pleasure of applying theoretical knowledge practically.
sa,I view software architecture as a blend of art and science. What drives me is navigating through uncertainty with resilience.
sa,Software Architects play a crucial role in managing financial integrity. What drives me is the enthusiasm for harnessing renewable energy.
sa,I'm intrigued by the challenge of reducing system latency and increasing performance. What drives me is the aspiration to make a significant impact.
sa,The convergence of AI and software architecture is a field I'm exploring deeply. What drives me is the ability to shape the future.
cp,My dedication lies in continuous code improvement and optimization. What drives me is the keenness to innovate and disrupt.
cp,I'm passionate about exploring new programming paradigms and languages. What drives me is the curiosity that leads to breakthroughs.
cp,Developing interactive and responsive web applications is my area of expertise. What drives me is the excitement of discovery.
cp,I am committed to following best practices in coding and software design. What drives me is the drive to push boundaries and question the status quo.
cp,Developing interactive and responsive web applications is my area of expertise. What drives me is the enthusiasm for harnessing renewable energy.
cp,My coding practices emphasize security and data protection from the ground up. What drives me is navigating through uncertainty with resilience.
cp,I excel in debugging and fixing issues to enhance software performance and reliability. What drives me is the dynamism of the tech landscape.
cp,My goal is to develop software that improves people's lives and experiences. What drives me is the joy in sharing knowledge and insights.
cp,I'm passionate about exploring new programming paradigms and languages. What drives me is the zest for life and its challenges.
cp,I am passionate about learning new programming languages and technologies. What drives me is the commitment to sustainable solutions.
cp,I'm passionate about exploring new programming paradigms and languages. What drives me is the determination to overcome obstacles.
cp,I thrive on turning software designs into functional programming. What drives me is the determination to innovate for health and safety.
cp,My work includes contributing to open-source projects and learning from the community. What drives me is the impact of technological advancements.
cp,I focus on cross-platform development to ensure accessibility across devices. What drives me is the passion for artistic expression.
cp,I enjoy automating routine tasks to increase productivity and reduce errors. What drives me is the motivation to explore scientific mysteries.
cp,My coding practices emphasize security and data protection from the ground up. What drives me is the passion for sustainable living.
cp,I specialize in developing custom algorithms to solve specific problems. What drives me is the process of learning from challenges.
cp,I specialize in developing custom algorithms to solve specific problems. What drives me is the joy of innovation.
cp,I am passionate about learning new programming languages and technologies. What drives me is the dedication to quality.
cp,Collaborating with UI/UX designers to ensure applications are intuitive and user-friendly. What drives me is empowering teams to succeed.
isa,Developing and implementing disaster recovery and business continuity plans. What drives me is the determination to innovate for health and safety.
isa,Responding to and recovering from security breaches and incidents is where I excel. What drives me is the collaboration with talented professionals.
isa,I'm dedicated to building a security-first culture within organizations. What drives me is the satisfaction of client success.
isa,I am constantly updating my knowledge to stay ahead of emerging security trends. What drives me is the dedication to my craft and profession.
isa,My strategies include comprehensive risk assessments and mitigation plans. What drives me is the passion for sustainable living.
isa,I'm dedicated to building a security-first culture within organizations. What drives me is the pleasure of solving puzzles and riddles.
isa,Responding to and recovering from security breaches and incidents is where I excel. What drives me is the creativity involved in my work.
isa,I am constantly updating my knowledge to stay ahead of emerging security trends. What drives me is the joy in sharing knowledge and insights.
isa,Responding to and recovering from security breaches and incidents is where I excel. What drives me is the dynamism of the tech landscape.
isa,My goal is to create a culture of security mindfulness across all departments. What drives me is the pursuit of excellence.
isa,I conduct regular security training sessions for employees across departments. What drives me is the determination to solve societal issues.
isa,I am constantly updating my knowledge to stay ahead of emerging security trends. What drives me is the quest for artistic mastery.
isa,My work involves the ethical hacking and penetration testing of our networks. What drives me is empowering teams to succeed.
isa,I develop and enforce policies to ensure the safety of digital assets. What drives me is the process of learning from challenges.
isa,Responding to and recovering from security breaches and incidents is where I excel. What drives me is the joy of innovation.
isa,Developing and implementing disaster recovery and business continuity plans. What drives me is the ability to shape the future.
isa,Developing and implementing disaster recovery and business continuity plans. What drives me is the impact of technological advancements.
isa,Protecting information assets from cyber threats is my top priority. What drives me is the pleasure of designing aesthetically pleasing solutions.
isa,My strategies include comprehensive risk assessments and mitigation plans. What drives me is the aspiration to make a significant impact.
isa,I advocate for a proactive approach to information security within the organization. What drives me is the opportunity to mentor others.
aud,I am dedicated to identifying efficiencies and recommending improvements in financial practices. What drives me is the interest in enhancing user experiences.
aud,I'm committed to upholding the integrity of financial reporting and audit standards. What drives me is the passion for sustainable living.
aud,My work involves evaluating internal controls to prevent and detect fraud. What drives me is the inspiration from success and failure alike.
aud,I advocate for the integration of technology to improve audit accuracy and insights. What drives me is the enjoyment of mastering new skills.
aud,I'm passionate about promoting ethical business practices through diligent auditing. What drives me is the motivation to bridge gaps between disciplines.
aud,I aim to add value by providing insights and recommendations that enhance business operations. What drives me is the motivation to tackle difficult issues.
aud,Collaborating with clients to understand their business and financial risks is a key aspect of my role. What drives me is the drive for efficiency and effectiveness.
aud,My goal is to provide actionable insights to enhance business processes and controls. What drives me is the pursuit of intellectual challenges.
aud,Providing independent assurance that an organization's risk management is on the right path motivates me. What drives me is the ability to shape the future.
aud,Conducting environmental and sustainability audits to assess corporate responsibility. What drives me is the dedication to quality.
aud,Building trust through transparency and accountability in financial reporting is important to me. What drives me is embracing challenges with courage.
aud,I am dedicated to identifying efficiencies and recommending improvements in financial practices. What drives me is the continuous learning process.
aud,Building trust through transparency and accountability in financial reporting is important to me. What drives me is the aspiration to make a significant impact.
aud,I aim to add value by providing insights and recommendations that enhance business operations. What drives me is contributing to meaningful projects.
aud,Collaborating with audit committees to ensure comprehensive governance and oversight. What drives me is the fulfillment from teaching and guiding.
aud,Collaborating with audit committees to ensure comprehensive governance and oversight. What drives me is building solutions that matter.
aud,My goal is to provide actionable insights to enhance business processes and controls. What drives me is the zest for life and its challenges.
aud,I pride myself on my ability to analyze and interpret financial data objectively. What drives me is the pleasure of solving puzzles and riddles.
aud,I'm skilled at identifying financial risks and recommending controls to mitigate them. What drives me is the commitment to cultural preservation.
aud,Conducting environmental and sustainability audits to assess corporate responsibility. What drives me is the aim to improve quality of life through technology.
sm,Developing and implementing sales training programs to enhance team skills. What drives me is the aspiration to foster peace and understanding.
sm,I believe in creating a sales culture that values integrity and customer service. What drives me is making a tangible difference.
sm,Driving sales growth through strategic planning and team leadership is my forte. What drives me is the dedication to quality.
sm,Creating a dynamic and supportive sales culture is important to me. What drives me is the passion for precision and accuracy.
sm,I believe in creating a sales culture that values integrity and customer service. What drives me is the quest to understand complex systems.
sm,Negotiating deals and contracts to maximize profitability is a skill I pride myself on. What drives me is the pleasure of designing aesthetically pleasing solutions.
sm,I am committed to continuous improvement and innovation in the sales process. What drives me is the joy of innovation.
sm,I believe in creating a sales culture that values integrity and customer service. What drives me is the vision for a better future.
sm,I am passionate about coaching and motivating sales teams to achieve their best. What drives me is the curiosity that leads to breakthroughs.
sm,I am committed to continuous improvement and innovation in the sales process. What drives me is the passion for sustainable living.
sm,"My goal is to lead by example, demonstrating dedication and drive to my team. What drives me is the enthusiasm for harnessing renewable energy."
sm,"My goal is to lead by example, demonstrating dedication and drive to my team. What drives me is the pursuit of excellence."
sm,I excel in identifying and developing new sales territories and opportunities. What drives me is the desire to make informed decisions.
sm,My leadership style focuses on empowering sales teams to exceed their targets. What drives me is the commitment to personal and professional growth.
sm,I'm committed to optimizing sales processes for efficiency and effectiveness. What drives me is the challenge of new problems.
sm,Negotiating deals and contracts to maximize profitability is a skill I pride myself on. What drives me is the desire to contribute to societal progress.
sm,"My goal is to lead by example, demonstrating dedication and drive to my team. What drives me is the commitment to cultural preservation."
sm,My approach to sales management emphasizes adaptability and innovation. What drives me is navigating through uncertainty with resilience.
sm,"My goal is to lead by example, demonstrating dedication and drive to my team. What drives me is the enthusiasm for data-driven decisions."
sm,Negotiating deals and contracts to maximize profitability is a skill I pride myself on. What drives me is empowering teams to succeed.
me,I thrive on creating content that resonates with our target audience and inspires action. What drives me is the drive for personal fulfillment and happiness.
me,Developing targeted marketing campaigns that speak directly to the needs of our audience. What drives me is the commitment to environmental stewardship.
me,I thrive on developing brand strategies that resonate with diverse audiences. What drives me is the motivation to bridge gaps between disciplines.
me,I thrive on developing brand strategies that resonate with diverse audiences. What drives me is the fulfillment from teaching and guiding.
me,"My goal is to build a strong, recognizable brand that stands out in a crowded market. What drives me is the keenness to innovate and disrupt."
me,My expertise in digital marketing drives engagement and conversion across platforms. What drives me is the joy of connecting with people.
me,"My goal is to build a strong, recognizable brand that stands out in a crowded market. What drives me is the eagerness to explore new solutions."
me,I believe in building strong brand identities that connect with consumers on a deep level. What drives me is the determination to innovate for health and safety.
me,I thrive on developing brand strategies that resonate with diverse audiences. What drives me is the aspiration to foster peace and understanding.
me,My expertise in digital marketing drives engagement and conversion across platforms. What drives me is contributing to meaningful projects.
me,I'm passionate about leveraging analytics to refine and optimize marketing campaigns. What drives me is the quest to understand complex systems.
me,Crafting and implementing marketing strategies that drive brand awareness and engagement is what I do. What drives me is the desire to make informed decisions.
me,I thrive on creating content that resonates with our target audience and inspires action. What drives me is the commitment to sustainable solutions.
me,My expertise in digital marketing drives engagement and conversion across platforms. What drives me is the aim to improve quality of life through technology.
me,Developing and managing marketing budgets to maximize impact is something I excel at. What drives me is the desire to lead with empathy and understanding.
me,I believe in the power of content marketing to tell stories that captivate and convince. What drives me is the dedication to supporting community growth.
me,I specialize in creating integrated marketing communications plans that deliver consistent messages. What drives me is the impact of technological advancements.
me,My expertise in digital marketing drives engagement and conversion across platforms. What drives me is the ambition to inspire through leadership.
me,My work includes managing marketing budgets to maximize return on investment. What drives me is the commitment to cultural preservation.
me,Developing and managing marketing budgets to maximize impact is something I excel at. What drives me is the commitment to personal and professional growth.
cc,"I specialize in crafting and delivering clear, compelling corporate messages. What drives me is the commitment to sustainable solutions."
cc,I'm skilled at managing crisis communications to protect and enhance our company's reputation. What drives me is the quest for knowledge and understanding.
cc,I'm skilled at managing crisis communications to protect and enhance our company's reputation. What drives me is the opportunity to mentor others.
cc,I am passionate about using communications to drive positive change and corporate social responsibility. What drives me is the pleasure of designing aesthetically pleasing solutions.
cc,I am dedicated to managing the company's reputation and brand image through strategic communications. What drives me is the aim to improve quality of life through technology.
cc,I am dedicated to managing the company's reputation and brand image through strategic communications. What drives me is the motivation to tackle difficult issues.
cc,"I specialize in media relations, building strong connections with journalists and outlets. What drives me is the ambition to inspire through leadership."
cc,"I specialize in media relations, building strong connections with journalists and outlets. What drives me is driving positive change in my field."
cc,I'm committed to ensuring our corporate communications are inclusive and accessible to all. What drives me is the motivation to advocate for change.
cc,My focus is on crafting messages that accurately reflect our corporate identity and values. What drives me is the passion for technology and its potential.
cc,Ensuring internal communications are effective and cohesive is a priority for me. What drives me is the motivation to explore scientific mysteries.
cc,Collaborating with leadership to articulate our strategic vision and corporate priorities. What drives me is the ambition to reduce inefficiencies.
cc,I believe in the power of social media to connect with customers and stakeholders directly. What drives me is the curiosity that leads to breakthroughs.
cc,"I specialize in crafting and delivering clear, compelling corporate messages. What drives me is the interest in enhancing user experiences."
cc,Developing communication plans that support change management and organizational development. What drives me is the commitment to cultural preservation.
cc,I'm committed to ensuring our corporate communications are inclusive and accessible to all. What drives me is making a tangible difference.
cc,My goal is to establish our company as a thought leader in our industry. What drives me is empowering teams to succeed.
cc,My work involves monitoring and responding to developments that affect corporate reputation. What drives me is the yearning to explore unknown territories.
cc,I'm skilled at managing crisis communications to protect and enhance our company's reputation. What drives me is the drive to push boundaries and question the status quo.
cc,"I specialize in media relations, building strong connections with journalists and outlets. What drives me is the inspiration from success and failure alike."
ds,"Exploring the Evolution of Data Science: From Australopithecus to Homo Superior. In this whimsical journey through the annals of data history, we've progressed from scribbles on papyrus to the era of AI and machine learning. Each stage, from Stone Tablets to the Cloud Age, reflects our relentless quest for efficient data handling. Join me in this light-hearted exploration of how our data science skills evolved, and let's embrace the exciting future of data in the era of Homo Superior!"
ds,"Passionate about infusing Emotions into AI and ""BUILDING BOTS WITH A HEART,"" I'm on a mission to humanize technology. My firm belief is that by integrating empathy into artificial intelligence, we can create truly intelligent systems that enhance human experiences."
ds,"Understanding that being open to intellectual vulnerability is important for scientific work, I made a transition to a data science tech specialization at General Assembly. I explored new tools in predictive analytics and expanded my knowledge in various algorithms, and libraries. However, the most valuable lesson I learned was the ability to apply my knowledge deliberately in new contexts and across different domains. Delighted to be part of the geospatial analytics team, contributing to the development of a route optimization solution for delivery routes, and putting it into action in the real world. "
ds,"In the intricate realm of finance, Alpha emerges as the coveted key to Wonderland—a treasured pursuit for discerning Analysts, Traders, and Portfolio Managers. It epitomizes the subtle distinction between the theoretical ""should be"" and the practical ""is."" The challenge intensifies when the financial landscape becomes uniform, with everyone surveying identical data, utilizing the same terminals, and employing uniform statistical models. While the SEC continues in the labyrinth of AI, Machine Learning, and their applications."
ds,"I am currently at Semantics3 as a data scientist, helping realize modern machine learning and AI research for production use. Using vast datasets covering global ecommerce data, I have had the opportunity to solve challenging problems covering classification, information extraction and named entity recognition. As a part of the early team, I have had to play numerous roles to architect and implement our systems to make our data accessible to all. Prior to this, I was an academic researcher specializing in high-frequency techniques and electromagnetism for radar. Over the years, I have gained valuable experience across diverse engineering fields including information theory, signal processing, modern physics, database management and software architecture."
ds,"Kintsugi- An ancient japanese art where broken pottery is repaired by mending it with gold. Mistakes teach us more than success can. If you feel like broken, make it the most valuable part of your life. It should be treasured rather than to disguise. The only way to get light in is through the crack. "
ds,"I have an avid interest in understanding how we think, gleaning insights from data to inform us about human cognition and behaviour. I completed my PhD in the field of Cognitive Neuroscience, and am currently working as a Data Scientist."
ds,"Summary: Client-focused, Global, Quantitative, Alpha Hunter. I am an experienced Quantitative Researcher, Senior Economist and Principal Data Scientist with over 20 years of experience in the financial services and information business industries. I have a proven track record in Economic Research, Finance Models (VaR, GARCH, Montecarlo, Black-Scholes model), Economic Forecasting, Credit Risk Management, Market Risk Management, Model Development (statistical, machine learning and AI), Model Review, Model Implementation, and Data Science."
ds,"Grateful for the opportunity to have invited by Google in Explore AI, initiative with MCI, DISG and Google Cloud. It was inspiring for all AI Trailblazers for products demonstration and exchange of ideas in the potential of Genenerative AI in various fields. Excited to leverage this cutting edge technology to create maximum societal impact."
ds,"A lot of people comment on my content wanting to know if data engineering will be around in the next few years because they want to know if its a good career choice. But tech careers rarely seem to go in a straight line. For example here is my experience over the last near decade. 2014, like many others I read the HBR article and decided I wanted to work in data science. 2015, I started my career as a project analyst that got pulled into building C# websites and working on data science problems such as detecting readmission of patients. 2016, I got my first job as a data engineer at a healthcare analytics company. 2017, I helped develop a product focused on detecting fraud in healthcare. This was where I first learned about making data into an actual product. 2018, I took a job at Facebook as a data engineer. I quit my job at Facebook to be a full-time consultant that has helped in everything from traditional data engineering/data science work to strategic initiatives. Consulting is still a major part of my work but I also write, create youtube videos, help companies find the right messaging for their solutions, and so much more. A lot is changing. What you like to do and the way people drive value will change along with it."
ds,I tell stories. Some of them are funny. Some will leave you wanting more.
ds,"I am a dedicated professional, constantly seeking learning and growth opportunities. At this stage of my career, I feel confident in working as a Data Scientist in any company, leveraging my knowledge in Python, Statistics, Machine Learning, Storytelling, and software development tools to build data solutions that address the company's business problems. I have an analytical mindset and strive to make more assertive and effective decisions to drive results."
ds,"Versatile Data Scientist with 8+ years of data science and 5+ years in leadership and people management role. Adept in translating business problems into high-impact data science solutions, conducting complex analyses & experiments, and deriving strategic insights across Consulting, Fraud & Risk, and Growth & Marketing domains. Articulate communicator skilled at persuading executives, and solid technical skills at orchestrating model development and deployment with CI/CD best practices. Passionate about driving innovation and delivering impactful data-driven solutions in my next role."
ds," As I desperately cling to my 20s, here are 29 + 1 things I’ve learned during my time on this planet that have lead to success. Always ask questions! The stupider the question the better! Don’t ask what’s the least I can do. Ask what’s the most I can bear! Your body is powerful. Move every day! You can’t overcome a weak body with a powerful mind! Hug a dog, laugh with a child, make a stupid joke! Social capital is more important than financial capital. If you have a ton of friends, money will come. Try your hardest every day. Some days that means giving 10% because that’s all you got! Help the less fortunate. Mentoring and teaching gives me a ton of joy . Learn SQL as soon as possible. Invest in the stock market as soon as possible. Buy the best laptop you can afford. You’re an artist who deserves the best paint brushes! The people who stay in your life are meant to be there. The ones who leave, let them leave. When you interview, never accept the first offer. Companies ALWAYS leave negotiation wiggle room. Make sure to get it. When you interview, run one mile before it. This activates your brain, reduces your anxiety and increases your confidence. Dont tolerate a bad manager. Start interviewing the second you’re mistreated. And even before then! Never stay longer than 2 years at a job. Something better will come along. Never renew a lease. Living somewhere new every year keeps you sharper because you have to relearn to live. Be gentle with yourself when you make mistakes. You’ll find bravery in that gentleness! Be grateful for the little things. The hand most of us were dealt was extremely good Forgive your parents. They were just kids too when they raised you. Forgiving them gives you power back over your life! Stop hanging out with friends who only want to party. If your friends aren’t going what you want to do, find new friends. Quit your job and take a risk. You might just make a million dollars. Strength training is as important as cardio! Don’t skip leg day! "
ds,"Why you need to have the mamba mentality: Kobe Bryant once said: ""Great things come from hard work and perseverance"". Don't be afraid to make mistakes. Always lookup for a better version of yourself. Give more without expecting anything in return. Lead some challenging conversations. Ask for help before you really need it. Keep walking! Dont stop! Keep posting! Keep connecting!"
ds,"Experienced in data analysis & processing, ML model training and deployment. Interested and excited to leverage the power of AI, Machine Learning and Deep Learning to solve challenging problems. Always ready to learn!"
ds,I used to work at Trusting Social - a fintech company as a Research Engineer. I really love working with data and currently working for an e-commerce company in Singapore named Shopee.
ds,"The American mathematician John Tukey once said: “The greatest value of a picture is when it forces us to notice what we never expected to see.” In today's fast-paced and volatile world, I strongly believe that, like the picture which speaks a thousand words, big data provides us the resources to form meaningful insights about our increasingly interconnected world. "
ds,"Hi! I am passionate about data science and have 5 years of experience spanning across data science, computer vision, data engineering, software development and research. I have worked with both public and private agencies with diverse business requirements and successfully delivered multiple data projects throughout the data science lifecycle from brainstorming, data analysis, development, product deployment and finally continuous monitoring and finetuning! Transitioning from a Chemical Engineer with research and programming experience, I bring an interdisciplinary and fresh scientific perspective of solving problems in the data realm and am lucky to be doing what I enjoy and also proficient in!"
ds,"Ended my internship at DBS Bank last week and had a treat delivered to me this afternoon! Thankful for the warmth and sincerity I received despite the remote work arrangement. Took the weekend to reflect on my experience over the past 2+ months and it really sank in how much I've learnt—from planning and managing projects to communicating design concepts. Immensely grateful to Mervy Quek, Sandy Loh, Teck Soon Lee for guiding me along the way, and to Terence Tan for being a great team mate throughout!"
se,"Specialized in Python, SQL, CloudSQL, PostgresSQL, GCP, Telegram Library, and React Native to develop and deploy various software solutions. Collaborated with a Data Lead to set up the backend infrastructure, with plans to integrate a Swift iOS app in December. Worked in a team environment, adopting Agile methodologies and participating in daily stand-ups to ensure efficient workflow and timely delivery. Focused on the development and deployment stages of the software development lifecycle, ensuring high-quality output. Liaised with the marketing team to coordinate the rollout of new features and updates, aligning technical objectives with business goals."
se,"I'm thrilled to share a recent milestone where my business acumen met my passion for stock trading, seamlessly interwoven with coding. In my quest to optimize trading strategies, I embarked on a side project that combines my love for stock trading with coding prowess. Using Python, I leveraged powerful libraries like Pandas, NumPy, yfinance, and Plotly to develop a script that swiftly analyzes stock data, identifying crucial pivot points. (15min timeframe on 60d historical data). The automation this brings to the process is a game-changer, allowing me to pinpoint supply and resistance points with efficiency – much faster than the manual plotting I used to do on my broker platform. This project showcases the seamless integration of my business background with newfound coding skills. The ability to manipulate data, analyze trends, and visualize insights has been incredibly empowering. I'm excited about the possibilities this opens up for refining my trading strategies and making more informed decisions in the dynamic world of stocks."
se,"I'm happy to share that I'm starting a new position as a Software Engineer at Indeed! As a fresh grad, my first job means a lot to me and I'm happy to land myself a role in such a great company. Had a great first day and I can't wait for future challenges that awaits me."
se,"Hello there! I'm a dedicated Software Engineer with a zest for coding and a penchant for innovation. With a foundation rooted in game development, I have evolved into a versatile problem solver, blending technical expertise with a burning passion to create real-world solutions. My journey has been a fascinating exploration of code, algorithms, and creative thinking. Proficient in a range of languages and frameworks including HTML, CSS, JavaScript, React.js, Node.js, and more, I have found my true calling in crafting elegant software that marries functionality with user-centered design."
se,"Hey everyone, it's unfortunate but I'm one of the many impacted by the recent layoffs at Indeed. It's incredibly sad to lose almost all of the Singapore office in this event. While Indeed itself has enabled the incredible environment that I was so fortunate to have thrived in; it truly was the people in my team and the office that have really defined my experience. My time in Indeed was incredibly fulfilling, memorable and enriching as a person and an engineer. While I'm going through a tough time, I would also like to talk about the people left behind in the wake of the layoffs. I sympathise with them as they pick up the broken pieces and continue to try to rationalise the layoffs as I have. I feel for them and I wish them all the best. It is with a heavy heart that I leave the folks who have been instrumental to the start of my career, but it is what it is. If you know of any opportunities, or are willing to lend a hand, please reach out! Thank you"
se,Working to build impactful and accessible software for the internet’s Next Billion Users
se,"I have a strong interest in front and back-end development, and in managing the security and efficiency of large scale applications. I enjoy collaboration and delving into the newest technologies while taking on challenges. Actively looking for more to learn, more problems to solve and more to build."
se,I just read The Midnight Library and this is one of the messages that resonated with me. Thanks for the reminder!
se,"I am a detail-oriented, efficient, and organized professional with a wealth of experience in accounting systems. My skill set includes strong analytical and problem-solving abilities, enabling me to make well-thought-out decisions. Known for my trustworthiness, ethical approach, and proactive mindset, I am adept at both collaborative teamwork and independent work. Beyond my accounting expertise, I have a passion for frontend development, where I take pleasure in bringing a designer/user's vision to life. Although my background involves working across the stack in previous employments, I particularly enjoy the challenge of developing across platforms. With a natural curiosity to learn and adapt to new technologies and skills, I firmly believe in the never-ending journey of improvement and continuous learning."
se,"Solution-driven and passionate software engineer adept at contributing to a highly collaborative work environment and finding solutions. Designed and developed software applications over 2 years across multiple APIs, third-party integrations and databases."
se,Getting wrecked by high school kids in competitive programming. My current job may not be an accurate representation of my interests.
se,"Just wrapped up an incredible day at DevFest Singapore 2023! The event was packed with insightful talks, hands-on workshops, and opportunities to connect with fellow tech enthusiasts. I had the privilege of learning from some of the most respected minds in the tech industry, gaining valuable guidance and tips for excelling in my tech career. There were also many introductions to new tools and technologies that are shaping the future of our field."
se,"Hi everyone - I am looking for a new role and would appreciate your support. I was one of the 2200 employees who were affected by layoff in Indeed, which includes a large number of Singapore folks. It was a nice journey -- I met so many talented colleagues and involved in the excited projects. Even though it happened so sudden, I still appreciate everything I've experienced here. Thank you in advance for any connections, advice, or opportunities you can offer."
se,"Working within a team environment, I embraced Agile methodologies and participated in daily stand-ups to ensure an efficient workflow and timely delivery of projects. My focus lies in the development and deployment stages of the software development lifecycle, consistently aiming for high-quality output. Taking a moment for personal reflection, I recently treated myself to a solo date to ponder the past work year and reassess life. Acknowledging the challenges of maintaining this balance amidst the busyness and constant deadlines, I'm eager to explore effective ways to dial back while still ensuring productivity."
se,"A cheerful and outgoing individual, I will have no problems working with in a team setting. I have a strong interest in Software Engineering as well as Digital Transformation and am open to experience more aspects of the tech industry."
se,"I have a passion for frontend development, I enjoy bringing to life a designer/user's vision. However I have been working across the stack in my past employments and enjoy developing across platforms. Am curious to learn and adapt to new technologies and skills and I believe that improvement and learning is a never-ending journey."
se,"Recently, I shared about my experience in the Software Engineering Programme on the Technology Immersion Programme panel at J.P. Morgan Singapore Technology Centre. I was heartened to see youths so interested in the field and I was equally impressed to hear the thoughtful and insightful questions shared by them. “What would you tell 15 y/o you?” was a question posed at the session. Dare to pursue your interests even if they may seem to big or insurmountable at the moment. Your pursuit of technology should never be discouraged by perceived limitations."
se,Software Engineer interested in learning new tech stacks. 
se,"There has been many thoughts racing through my mind but one of the most important one to me is ""is this the end of the big tech dream?"""
se,"An adaptable and collaborative software engineer with work experience in places like Indeed, Shopee, and Switcheo Labs. I'm highly interested in functional programming languages and the cryptocurrency space. Currently looking for opportunities in the fintech space."
